Date,Forecast,Lower_CI,Upper_CI
2026-09-23,73.11599999999999,69.29024212012187,76.9417578798781
2026-09-24,73.11599999999999,67.70556131985981,78.52643868014016
2026-09-25,73.11599999999999,66.4895929744948,79.74240702550517
2026-09-28,73.11599999999999,65.46448424011474,80.76751575988523
2026-09-29,73.11599999999999,64.56134531498319,81.67065468501679
2026-09-30,73.11599999999999,63.74484531469106,82.48715468530891
2026-10-01,73.11599999999999,62.99399607330173,83.23800392669824
2026-10-02,73.11599999999999,62.29512263962839,83.93687736037158
2026-10-05,73.11599999999999,61.63872636013629,84.59327363986368
2026-10-06,73.11599999999999,61.0178913230035,85.21410867699647
2026-10-07,73.11599999999999,60.42739657343939,85.80460342656059
2026-10-08,73.11599999999999,59.8631859489151,86.36881405108487
2026-10-09,73.11599999999999,59.32203379630279,86.90996620369718
2026-10-12,73.11599999999999,58.8013247684466,87.43067523155338
2026-10-13,73.11599999999999,58.29890344429935,87.93309655570062
2026-10-14,73.11599999999999,57.812968480165,88.41903151983497
2026-10-15,73.11599999999999,57.34199616288968,88.8900038371103
2026-10-16,73.11599999999999,56.88468395941725,89.34731604058271
2026-10-19,73.11599999999999,56.439908018801695,89.79209198119827
2026-10-20,73.11599999999999,56.0066906299087,90.22530937009128
2026-10-21,73.11599999999999,55.584174924509384,90.64782507549059
2026-10-22,73.11599999999999,55.17160494656593,91.06039505343404
2026-10-23,73.11599999999999,54.76830975872394,91.46369024127603
2026-10-26,73.11599999999999,54.37369062932947,91.8583093706705
2026-10-27,73.11599999999999,53.98721060019657,92.24478939980341
2026-10-28,73.11599999999999,53.60838591579842,92.62361408420155
2026-10-29,73.11599999999999,53.23677892335197,92.995221076648
2026-10-30,73.11599999999999,52.8719921465547,93.36000785344527
2026-11-02,73.11599999999999,52.513663304215655,93.71833669578432
2026-11-03,73.11599999999999,52.16146109592077,94.0705389040792
